{"opentrons_96_filtertiprack_20ul": {"11": {"x": 0.0, "y": 1.1000000000002501, "z": -0.20000000000000284}}, "plateone_96_wellplate_500ul": {"1": {"x": 0.9000000000000004, "y": 0.29999999999998295, "z": 0.0}}, "opentrons_96_filtertiprack_1000ul": {"11": {"x": 0.0, "y": 1.3000000000002956, "z": -0.20000000000000284}}, "opentrons_96_tiprack_300ul": {"10": {"x": -0.5000000000000071, "y": 1.4000000000003183, "z": -0.5}}, "rexchem_1_reservoir_225112.5ul": {"4": {"x": 0.0, "y": 0.0, "z": 0.0}}, "bohden_24_long": {"5": {"x": 0.29999999999998295, "y": 3.3999999999999773, "z": 0.5999999999999659}}}