{"opentrons_96_filtertiprack_20ul": {"11": {"x": 0.0, "y": 1.1000000000002501, "z": -0.20000000000000284}}, "plateone_96_wellplate_500ul": {"1": {"x": 0.9000000000000004, "y": 0.29999999999998295, "z": 0.0}}}